mental_illness,count
False,78.72478854912166
True,21.275211450878334
