race,count
Asian,1.3352073085031624
Black,26.56359803232607
Hispanic,17.287420941672522
Native,1.3352073085031624
Other,0.7027406886858749
White,52.775825720309214
